index,Release,Category,AN Type,Initial Published Date,Latest Published Date,Earliest Effective Date,AN Reference Number,Announcement Title,Announcement Short Description,"Announcement Applies To
(applies to who)","Applicable Geography
(applies to where)",Mandate Flag,Testing Required,Action Indicators,Systems Impacted,"Entitled Viewers

Audiences and Geographies who may view in TRC",G_values,Links
474,--,Pricing/Fees,Bulletin Announcement,2023-03-28 00:00:00,2023-05-09 00:00:00,2023-07-01 00:00:00,AN 7554,AN 7554 Cross-border Scheme Development Fee for Mexico,Mastercard is introducing the Cross-border Scheme Development Fee to all issuers and acquirers in Mexico.,"Acquirer, Issuer, Processor",Mexico,No,No,"Attention warranted (Brand-related), Financial impact",Mastercard Consolidated Billing System,"audience_internal, audience_principal_issuer, audience_principal_acquirer, audience_processor",AN 7554,https://techdocs.mastercard.com/bundle/m_an7554_en-us
475,--,Pricing/Fees,Bulletin Announcement,2023-03-28 00:00:00,2023-05-09 00:00:00,2023-07-01 00:00:00,AN 7554,AN 7554 Cross-border Scheme Development Fee for Mexico,Mastercard is introducing the Cross-border Scheme Development Fee to all issuers and acquirers in Mexico.,"Acquirer, Issuer, Processor",Mexico,No,No,"Attention warranted (Brand-related), Financial impact",Mastercard Consolidated Billing System,"audience_internal, audience_principal_issuer, audience_principal_acquirer, audience_processor",AN 7554,https://techdocs.mastercard.com/bundle/m_an7554_en-us
524,--,Pricing/Fees,Bulletin Announcement,2023-04-04 00:00:00,2023-05-09 00:00:00,2023-07-03 00:00:00,AN 7610,AN 7610 Fund Revision in Israel,Mastercard is announcing the revision of the Tourism Development and Innovation Fund in Israel.,"Acquirer, Issuer, Processor",Israel,No,No,Financial impact,"Clearing, Mastercard Consolidated Billing System","audience_internal, audience_principal_issuer, audience_principal_acquirer, audience_processor",AN 7610,https://techdocs.mastercard.com/bundle/m_an7610_en-us
525,--,Pricing/Fees,Bulletin Announcement,2023-04-04 00:00:00,2023-05-09 00:00:00,2023-07-03 00:00:00,AN 7610,AN 7610 Fund Revision in Israel,Mastercard is announcing the revision of the Tourism Development and Innovation Fund in Israel.,"Acquirer, Issuer, Processor",Israel,No,No,Financial impact,"Clearing, Mastercard Consolidated Billing System","audience_internal, audience_principal_issuer, audience_principal_acquirer, audience_processor",AN 7610,https://techdocs.mastercard.com/bundle/m_an7610_en-us
536,--,Pricing/Fees,Bulletin Announcement,2023-04-11 00:00:00,2023-05-09 00:00:00,2023-07-10 00:00:00,AN 7645,AN 7645 Pricing for Account Level Management Product Graduation Plus and ALM Performance Optimizer Service in the Middle East/Africa Region and Select Countries in the Europe Region,Mastercard is announcing the pricing for Account Level Management (ALM) Product Graduation Plus (PGP) bundled with ALM Performance Optimizer for credit and debit products in all countries in the Middle East/Africa region and select countries in the Europe region (Eastern Europe).,Issuer,"All countries in the Middle East/Africa region, Select countries in the Europe region",No,No,Financial impact,Mastercard Consolidated Billing System,"audience_internal, audience_principal_issuer",AN 7645,https://techdocs.mastercard.com/bundle/m_an7645_en-us
537,--,Pricing/Fees,Bulletin Announcement,2023-04-11 00:00:00,2023-05-09 00:00:00,2023-07-10 00:00:00,AN 7645,AN 7645 Pricing for Account Level Management Product Graduation Plus and ALM Performance Optimizer Service in the Middle East/Africa Region and Select Countries in the Europe Region,Mastercard is announcing the pricing for Account Level Management (ALM) Product Graduation Plus (PGP) bundled with ALM Performance Optimizer for credit and debit products in all countries in the Middle East/Africa region and select countries in the Europe region (Eastern Europe).,Issuer,"All countries in the Middle East/Africa region, Select countries in the Europe region",No,No,Financial impact,Mastercard Consolidated Billing System,"audience_internal, audience_principal_issuer",AN 7645,https://techdocs.mastercard.com/bundle/m_an7645_en-us
683,--,Pricing/Fees,Bulletin Announcement,2023-04-25 00:00:00,2023-05-09 00:00:00,"2023-05-03, 2023-08-01",AN 7659,AN 7659 Introduction of Cyber Threat Simulation Program in Selected Eastern Europe Countries,Mastercard is announcing the Cyber Threat Simulation Program with Mastercard Threat Scan and Cyber Front Lite (CF Lite) in selected Eastern Europe countries on an opt-out basis.,Issuer,"Armenia, Azerbaijan, Georgia, Kyrgyzstan, Moldova",No,No,"Attention warranted (Program/service-related), Financial impact",Mastercard Consolidated Billing System,"audience_internal, audience_principal_issuer",AN 7659,https://techdocs.mastercard.com/bundle/m_an7659_en-us
684,--,Pricing/Fees,Bulletin Announcement,2023-04-25 00:00:00,2023-05-09 00:00:00,"2023-05-03, 2023-08-01",AN 7659,AN 7659 Introduction of Cyber Threat Simulation Program in Selected Eastern Europe Countries,Mastercard is announcing the Cyber Threat Simulation Program with Mastercard Threat Scan and Cyber Front Lite (CF Lite) in selected Eastern Europe countries on an opt-out basis.,Issuer,"Armenia, Azerbaijan, Georgia, Kyrgyzstan, Moldova",No,No,"Attention warranted (Program/service-related), Financial impact",Mastercard Consolidated Billing System,"audience_internal, audience_principal_issuer",AN 7659,https://techdocs.mastercard.com/bundle/m_an7659_en-us
707,--,Interchange and Service Fees,Bulletin announcement,2023-05-02 00:00:00,2023-05-16 00:00:00,"2023-06-25, 2023-06-26",AN 7759,AN 7759 Adjusting Intracountry Interchange Rates for Debit and Prepaid Purchase Transactions in Uruguay,Mastercard is adjusting intracountry interchange rates for debit and prepaid purchase transactions in Uruguay.,"Acquirer, Issuer, Processor",Uruguay,Yes,No,"Network mandate, Attention warranted (network-related)","Clearing, Single Message System","audience_internal, audience_principal_issuer, audience_principal_acquirer, audience_processor",AN 7759,https://techdocs.mastercard.com/bundle/m_an7759_en-us
708,--,Interchange and Service Fees,Bulletin announcement,2023-05-02 00:00:00,2023-05-16 00:00:00,"2023-06-25, 2023-06-26",AN 7759,AN 7759 Adjusting Intracountry Interchange Rates for Debit and Prepaid Purchase Transactions in Uruguay,Mastercard is adjusting intracountry interchange rates for debit and prepaid purchase transactions in Uruguay.,"Acquirer, Issuer, Processor",Uruguay,Yes,No,"Network mandate, Attention warranted (network-related)","Clearing, Single Message System","audience_internal, audience_principal_issuer, audience_principal_acquirer, audience_processor",AN 7759,https://techdocs.mastercard.com/bundle/m_an7759_en-us
711,--,Interchange and Service Fees,Bulletin announcement,2023-06-06 00:00:00,2023-06-06 00:00:00,"2023-06-14, 2023-06-15",AN 7826,AN 7826 Introducing Intracountry Interchange Rates for the Mastercard Prepaid Benefits Product to operate in the new Mastercard Benefits Payment Scheme in Brazil,Mastercard is introducing interchange rates to allow the Prepaid Benefits Product (MLB) to operate in the new Mastercard Benefits Payment Scheme in Brazil.,"Acquirer, Issuer, Processor",Brazil,Yes,No,Network mandate,"Clearing, Settlement","audience_internal, audience_principal_issuer, audience_principal_acquirer, audience_processor",AN 7826,https://techdocs.mastercard.com/bundle/m_an7826_en-us
712,--,Interchange and Service Fees,Bulletin announcement,2023-06-06 00:00:00,2023-06-06 00:00:00,"2023-06-14, 2023-06-15",AN 7826,AN 7826 Introducing Intracountry Interchange Rates for the Mastercard Prepaid Benefits Product to operate in the new Mastercard Benefits Payment Scheme in Brazil,Mastercard is introducing interchange rates to allow the Prepaid Benefits Product (MLB) to operate in the new Mastercard Benefits Payment Scheme in Brazil.,"Acquirer, Issuer, Processor",Brazil,Yes,No,Network mandate,"Clearing, Settlement","audience_internal, audience_principal_issuer, audience_principal_acquirer, audience_processor",AN 7826,https://techdocs.mastercard.com/bundle/m_an7826_en-us
721,--,Interchange and Service Fees,Bulletin announcement,2023-05-09 00:00:00,2023-05-09 00:00:00,"2023-09-30, 2023-10-01",AN 7752,AN 7752 Introducing Inter-customer Service Fees for Mastercard MoneySend and Funding Transactions in the Dominican Republic,Mastercard is introducing inter-cusomter service fees to support the Mastercard MoneySend and Funding Transactions Program in the Dominican Republic.,"Acquirer, Issuer, Processor",Dominican Republic,Yes,No,Network mandate,"Clearing, Settlement, Single Message System","audience_internal, audience_principal_acquirer, audience_principal_issuer, audience_processor",AN 7752,https://techdocs.mastercard.com/bundle/m_an7752_en-us
722,--,Interchange and Service Fees,Bulletin announcement,2023-05-09 00:00:00,2023-05-09 00:00:00,"2023-08-31, 2023-09-01",AN 7686,AN 7686 Introducing Inter-customer Service Fees for Mastercard MoneySend and Funding Transactions in Venezuela,Mastercard is introducing inter-customer service fees to support the Mastercard MoneySend and Funding Transactions Program in Venezuela.,"Acquirer, Issuer, Processor",Venezuela,Yes,No,Network mandate,"Clearing, Settlement, Single Message System","audience_internal, audience_processor, audience_principal_acquirer, audience_principal_issuer",AN 7686,https://techdocs.mastercard.com/bundle/m_an7686_en-us
723,--,Interchange and Service Fees,Bulletin announcement,2023-05-09 00:00:00,2023-05-09 00:00:00,"2023-09-30, 2023-10-01",AN 7688,AN 7688 Introducing Inter-customer Service Fees for Mastercard MoneySend and Funding Transactions in Colombia,Mastercard is introducing inter-customer service fees to support the Mastercard MoneySend and Funding Transactions Program in Colombia.,"Acquirer, Issuer, Processor",Colombia,Yes,No,Network mandate,"Clearing, Settlement, Single Message System","audience_internal, audience_principal_issuer, audience_principal_acquirer, audience_processor",AN 7688,https://techdocs.mastercard.com/bundle/m_an7688_en-us
726,--,Interchange and Service Fees,Bulletin announcement,2023-05-09 00:00:00,2023-05-09 00:00:00,"2023-08-31, 2023-09-01",AN 7687,AN 7687 Introducing Inter-customer Service Fees for Mastercard MoneySend and Funding Transactions in Ecuador,Mastercard is introducing inter-customer service fees to support the Mastercard MoneySend and Funding Transactions Program in Ecuador.,"Acquirer, Issuer, Processor",Ecuador,Yes,No,Network mandate,"Clearing, Settlement, Single Message System","audience_internal, audience_principal_issuer, audience_principal_acquirer, audience_processor",AN 7687,https://techdocs.mastercard.com/bundle/m_an7687_en-us
727,--,Interchange,Bulletin announcement,2023-05-09 00:00:00,2023-05-09 00:00:00,"2023-10-13, 2023-10-14",AN 7771,AN 7771 Introducing New IRD for Gaming & Gambling for Face-To-Face Payment Transactions in Select Countries in Europe,"Mastercard is introducing a new interchange rate designator (IRD) for Gaming & Gambling for Face-to-Face (F2F) payment transactions in European Economic Area (EEA) countries, and United Kingdom, San Marino, Switzerland, Bosnia, Montenegro and Serbia.","Acquirer, Issuer, Processor",Europe,No,No,"Attention warranted (brand-related), Attention warranted (network-related), Attention warranted (program/service-related)",Clearing,"audience_internal, audience_principal_issuer, audience_principal_acquirer, audience_processor",AN 7771,https://techdocs.mastercard.com/bundle/m_an7771_en-us
728,--,Interchange,Bulletin announcement,2023-05-09 00:00:00,2023-05-09 00:00:00,"2023-10-13, 2023-10-14",AN 7771,AN 7771 Introducing New IRD for Gaming & Gambling for Face-To-Face Payment Transactions in Select Countries in Europe,"Mastercard is introducing a new interchange rate designator (IRD) for Gaming & Gambling for Face-to-Face (F2F) payment transactions in European Economic Area (EEA) countries, and United Kingdom, San Marino, Switzerland, Bosnia, Montenegro and Serbia.","Acquirer, Issuer, Processor",Europe,No,No,"Attention warranted (brand-related), Attention warranted (network-related), Attention warranted (program/service-related)",Clearing,"audience_internal, audience_principal_issuer, audience_principal_acquirer, audience_processor",AN 7771,https://techdocs.mastercard.com/bundle/m_an7771_en-us
729,--,Interchange,Bulletin announcement,2023-05-09 00:00:00,2023-05-30 00:00:00,"2023-10-13, 2023-10-14",AN 7771,AN 7771 Introducing New IRD for Gaming and Gambling for Face-to-Face Payment Transactions in Select Countries in Europe,"Mastercard is introducing a new interchange rate designator (IRD) for gaming and gambling for face-to-face payment transactions in European Economic Area (EEA) countries, and United Kingdom, San Marino, Switzerland, Bosnia, Montenegro, and Serbia.","Acquirer, Issuer, Processor",Europe,No,No,"Attention warranted (brand-related), Attention warranted (network-related), Attention warranted (program/service-related)",Clearing,"audience_internal, audience_principal_issuer, audience_principal_acquirer, audience_processor",AN 7771,https://techdocs.mastercard.com/bundle/m_an7771_en-us
730,--,Interchange,Bulletin announcement,2023-05-09 00:00:00,2023-05-30 00:00:00,"2023-10-13, 2023-10-14",AN 7771,AN 7771 Introducing New IRD for Gaming and Gambling for Face-to-Face Payment Transactions in Select Countries in Europe,"Mastercard is introducing a new interchange rate designator (IRD) for gaming and gambling for face-to-face payment transactions in European Economic Area (EEA) countries, and United Kingdom, San Marino, Switzerland, Bosnia, Montenegro, and Serbia.","Acquirer, Issuer, Processor",Europe,No,No,"Attention warranted (brand-related), Attention warranted (network-related), Attention warranted (program/service-related)",Clearing,"audience_internal, audience_principal_issuer, audience_principal_acquirer, audience_processor",AN 7771,https://techdocs.mastercard.com/bundle/m_an7771_en-us
732,--,Interchange and Service Fees,Bulletin announcement,2023-05-16 00:00:00,2023-05-16 00:00:00,"2023-08-31, 2023-09-01",AN 7694,AN 7694 Modifying Inter-customer Service Fees for Mastercard MoneySend and Funding Transactions in Peru,Mastercard is modifying inter-customer service fees to support the Mastercard MoneySend and Funding Transactions Program in Peru.,"Acquirer, Issuer, Processor",Peru,Yes,No,Network mandate,"Clearing, Settlement, Single Message System","audience_internal, audience_principal_issuer, audience_principal_acquirer, audience_processor",AN 7694,https://techdocs.mastercard.com/bundle/m_an7694_en-us
733,--,Interchange and Service Fees,Bulletin announcement,2023-05-16 00:00:00,2023-05-16 00:00:00,"2023-06-30, 2023-07-01",AN 7628,AN 7628 Revising Domestic Interchange Rates in Ukraine,"Mastercard is revising consumer domestic point-of-sale (POS), e-commerce, and MoneySend Funding Transactions interchange rates in Ukraine.","Acquirer, Issuer, Processor",Ukraine,No,No,"Attention warranted (network-related), Financial impact",Clearing,"audience_internal, audience_principal_issuer, audience_principal_acquirer, audience_processor",AN 7628,https://techdocs.mastercard.com/bundle/m_an7628_en-us
737,--,Pricing/Fees,Bulletin Announcement,2023-05-16 00:00:00,2023-05-16 00:00:00,"2023-07-01, 2023-07-03",AN 7825,AN 7825 Revised Acquiring Pricing for Identity Check for Select Countries in Sub-Saharan Africa,Mastercard is revising the rates for Identity Check to acquirers for select countries in Sub-Saharan Africa.,Acquirer,Select countries in Sub-Saharan Africa,No,No,Financial impact,Mastercard Consolidated Billing System,"audience_internal, audience_principal_acquirer",AN 7825,https://techdocs.mastercard.com/bundle/m_an7825_en-us
738,--,Pricing/Fees,Bulletin Announcement,2023-05-16 00:00:00,2023-05-16 00:00:00,"2023-07-01, 2023-07-03",AN 7824,AN 7824 Revised Acquiring Pricing for Identity Check for Select Countries in the Middle East and North Africa,Mastercard is revising the rates for Identity Check to acquirers for select countries in the Middle East and North Africa.,Acquirer,Select countries in the Middle East and North Africa,No,No,Financial impact,Mastercard Consolidated Billing System,"audience_internal, audience_principal_acquirer",AN 7824,https://techdocs.mastercard.com/bundle/m_an7824_en-us
739,--,Pricing/Fees,Bulletin Announcement,2023-05-16 00:00:00,2023-05-16 00:00:00,"2023-07-01, 2023-07-03",AN 7823,AN 7823 Revised Issuing Pricing for Identity Check for Select Countries in the Middle East and North Africa,Mastercard is revising the rates for Identity Check to issuers for select countries in the Middle East and North Africa.,Issuer,Select countries in the Middle East and North Africa,No,No,Financial impact,Mastercard Consolidated Billing System,"audience_internal, audience_principal_issuer",AN 7823,https://techdocs.mastercard.com/bundle/m_an7823_en-us
740,--,Pricing/Fees,Bulletin Announcement,2023-05-16 00:00:00,2023-05-16 00:00:00,"2023-07-01, 2023-07-03",AN 7822,AN 7822 Revised Issuing Pricing for Identity Check in Qatar,Mastercard is revising the rates for Identity Check to issuers in Qatar.,Issuer,Qatar,No,No,Financial impact,Mastercard Consolidated Billing System,"audience_internal, audience_principal_issuer",AN 7822,https://techdocs.mastercard.com/bundle/m_an7822_en-us
741,--,Pricing/Fees,Bulletin Announcement,2023-05-16 00:00:00,2023-05-16 00:00:00,"2023-07-01, 2023-07-03",AN 7821,AN 7821 Revised Issuing Pricing for Identity Check in Nigeria,Mastercard is revising the rates for Identity Check to issuers in Nigeria.,Issuer,Nigeria,No,No,Financial impact,Mastercard Consolidated Billing System,"audience_internal, audience_principal_issuer",AN 7821,https://techdocs.mastercard.com/bundle/m_an7821_en-us
742,--,Pricing/Fees,Bulletin Announcement,2023-05-16 00:00:00,2023-05-16 00:00:00,"2023-07-01, 2023-07-03",AN 7820,AN 7820 Revised Issuing Pricing for Identity Check for Select Countries in East and West Africa,Mastercard is revising the rates for Identity Check to issuers for select countries in East and West Africa.,Issuer,Select countries in East and West Africa,No,No,Financial impact,Mastercard Consolidated Billing System,"audience_internal, audience_principal_issuer",AN 7820,https://techdocs.mastercard.com/bundle/m_an7820_en-us
743,--,Pricing/Fees,Bulletin Announcement,2023-05-16 00:00:00,2023-05-16 00:00:00,"2023-07-01, 2023-07-03",AN 7819,AN 7819 Revised Issuing Pricing for Identity Check for Select Countries in Southern Africa,Mastercard is revising the rates for Identity Check to issuers for select countries in Southern Africa.,Issuer,Select countries in Southern Africa,No,No,Financial impact,Mastercard Consolidated Billing System,"audience_internal, audience_principal_issuer",AN 7819,https://techdocs.mastercard.com/bundle/m_an7819_en-us
747,--,Pricing/Fees,Bulletin Announcement,2023-05-16 00:00:00,2023-05-16 00:00:00,"2024-01-01, 2024-01-28",AN 7678,AN 7678 Revised Program Management Fee Benefits and Insurance for Select Countries in the Europe Region,Mastercard will revise the monthly Program Management Fee to all issuers that are subscribed to Benefits and Insurance (B&I) programs managed by Mastercard Loyalty Solutions.,Issuer,Select countries in the Europe region,No,No,"Attention warranted (Program/service-related), Financial impact",Mastercard Consolidated Billing System,"audience_internal, audience_principal_issuer",AN 7678,https://techdocs.mastercard.com/bundle/m_an7678_en-us
752,--,Pricing/Fees,Bulletin announcement,2023-05-23 00:00:00,2023-05-23 00:00:00,NaN,AN 7849,AN 7849 Introducing M/Chip Deployment Performance Program for Brazil,Mastercard is introducing a new Transaction Processing Excellence (TPE) program to monitor M/Chip deployment performance.,"Acquirer, Processor",Brazil,No,No,"Attention warranted (program/service-related), Financial impact","Authorization, Mastercard Consolidated Billing System, Single Message System","audience_internal, audience_principal_acquirer, audience_processor",AN 7849,https://techdocs.mastercard.com/bundle/m_an7849_en-us
753,--,Pricing/Fees,Bulletin announcement,2023-05-23 00:00:00,2023-05-23 00:00:00,"2023-12-01, 2024-01-07",AN 7848,AN 7848 Introducing M/Chip Deployment Performance Program for Mexico,Mastercard is introducing a new Transaction Processing Excellence (TPE) program to monitor M/Chip deployment performance.,"Acquirer, Processor",Mexico,No,No,"Attention warranted (program/service-related), Financial impact","Authorization, Mastercard Consolidated Billing System, Single Message System","audience_internal, audience_principal_acquirer, audience_processor",AN 7848,https://techdocs.mastercard.com/bundle/m_an7848_en-us
754,--,Pricing/Fees,Bulletin announcement,2023-05-23 00:00:00,2023-05-23 00:00:00,"2023-12-01, 2024-01-07",AN 7835,AN 7835 Introducing M/Chip Deployment Performance Program for the Latin America and the Caribbean Region (excluding Brazil and Mexico),Mastercard is introducing a new Transaction Processing Excellence (TPE) program to monitor M/Chip deployment performance.,"Acquirer, Processor",Latin America and the Caribbean (except Brazil and Mexico),No,No,"Attention warranted (program/service-related), Financial impact","Authorization, Mastercard Consolidated Billing System, Single Message System","audience_internal, audience_principal_acquirer, audience_processor",AN 7835,https://techdocs.mastercard.com/bundle/m_an7835_en-us
755,--,Pricing/Fees,Bulletin announcement,2023-05-23 00:00:00,2023-05-23 00:00:00,"2023-12-01, 2024-01-07",AN 7834,AN 7834 Introducing M/Chip Deployment Performance Program for Select Countries and Territories in the Asia/Pacific Region,Mastercard is introducing a new Transaction Processing Excellence (TPE) program to monitor M/Chip deployment performance.,"Acquirer, Processor",Select countries in the Asia/Pacific region,No,No,"Attention warranted (program/service-related), Financial impact","Authorization, Mastercard Consolidated Billing System, Single Message System","audience_internal, audience_principal_acquirer, audience_processor",AN 7834,https://techdocs.mastercard.com/bundle/m_an7834_en-us
757,--,Pricing/Fees,Bulletin announcement,2023-05-23 00:00:00,2023-05-23 00:00:00,"2023-12-01, 2024-01-07",AN 7833,AN 7833 Introducing M/Chip Deployment Performance Program for Indonesia,Mastercard is introducing a new Transaction Processing Excellence (TPE) program to monitor M/Chip deployment performance.,"Acquirer, Processor",Indonesia,No,No,"Attention warranted (program/service-related), Financial impact","Authorization, Mastercard Consolidated Billing System, Single Message System","audience_internal, audience_principal_acquirer, audience_processor",AN 7833,https://techdocs.mastercard.com/bundle/m_an7833_en-us
758,--,Pricing/Fees,Bulletin announcement,2023-05-23 00:00:00,2023-05-23 00:00:00,"2023-10-01, 2023-11-12",AN 7832,AN 7832 Introducing M/Chip Deployment Performance Program for the Middle East/Africa Region and Select Countries in the Europe Region,Mastercard is introducing a new Transaction Processing Excellence (TPE) program to monitor M/Chip deployment performance.,"Acquirer, Processor",Middle East/Africa and select countries in the Europe region,No,No,"Attention warranted (program/service-related), Financial impact","Authorization, Mastercard Consolidated Billing System, Single Message System","audience_internal, audience_principal_acquirer, audience_processor",AN 7832,https://techdocs.mastercard.com/bundle/mc_an7832_en-us
759,--,Pricing/Fees,Bulletin announcement,2023-05-23 00:00:00,2023-05-23 00:00:00,"2024-02-01, 2024-03-10",AN 7831,AN 7831 Introducing M/Chip Deployment Performance Program for Select Countries in the Europe Region,Mastercard is introducing a new Transaction Processing Excellence (TPE) program to monitor M/Chip deployment performance.,"Acquirer, Processor",Select countries in the Europe region,No,No,"Attention warranted (program/service-related), Financial impact","Authorization, Mastercard Consolidated Billing System, Single Message System","audience_internal, audience_principal_acquirer, audience_processor",AN 7831,https://techdocs.mastercard.com/bundle/mc_an7831_en-us
762,--,Pricing/Fees,Bulletin Announcement,2022-01-25 00:00:00,2023-05-23 00:00:00,2022-10-03 00:00:00,AN 5988,AN 5988 Introducing Pricing for Advanced Digital Transaction Services: Dynamic Linking Validation in France and Italy,Mastercard announced pricing for Advanced Digital Transaction Services (ADTS): Dynamic Linking Validation for issuers and acquirers in France and Italy.,"Acquirer, Issuer, Processor","France and overseas territories, Italy",No,No,Financial impact,Mastercard Consolidated Billing System,"audience_internal, audience_principal_issuer, audience_principal_acquirer, audience_processor",AN 5988,https://techdocs.mastercard.com/bundle/m_AN5988
763,--,Pricing/Fees,Bulletin Announcement,2022-01-25 00:00:00,2023-05-23 00:00:00,2022-07-04 00:00:00,AN 5987,AN 5987 Introducing Pricing for Advanced Digital Transaction Services: Dynamic Linking Validation in Select Countries in Eastern Europe,Mastercard announced pricing for Advanced Digital Transaction Services (ADTS): Dynamic Linking Validation for issuers and acquirers in select countries in Eastern Europe.,"Acquirer, Issuer, Processor",Select countries in the Europe region,No,No,Financial impact,Mastercard Consolidated Billing System,"audience_internal, audience_principal_issuer, audience_principal_acquirer, audience_processor",AN 5987,https://techdocs.mastercard.com/bundle/m_AN5987
764,--,Pricing/Fees,Bulletin Announcement,2022-07-12 00:00:00,2023-05-23 00:00:00,2022-10-01 00:00:00,AN 6473,AN 6473 Mastercard and Maestro Domestic Volume Assessments in Bolivia,Mastercard announced a new enhanced pricing structure for Issuer and Acquirer Domestic Volume Assessments in Bolivia.,"Acquirer, Issuer, Processor",Bolivia,No,No,Financial impact,Mastercard Consolidated Billing System,"audience_internal, audience_principal_issuer, audience_principal_acquirer, audience_processor",AN 6473,https://techdocs.mastercard.com/bundle/m_AN6473
773,--,Interchange and Service Fees,Bulletin announcement,2023-05-30 00:00:00,2023-05-30 00:00:00,"2023-05-29, 2023-05-30",AN 7853,AN 7853 Revising Intra-country Interchange Rates in Jordan,Mastercard is revising intra-country interchange rates to comply with Central Bank of Jordan mandates in Jordan.,"Acquirer, Issuer, Processor",Jordan,No,No,"Attention warranted (brand-related), Attention warranted (network-related)",NaN,"audience_internal, audience_principal_issuer, audience_principal_acquirer, audience_processor",AN 7853,https://techdocs.mastercard.com/bundle/m_an7853_en-us
774,--,Interchange and Service Fees,Bulletin announcement,2023-05-30 00:00:00,2023-05-30 00:00:00,"2023-05-29, 2023-05-30",AN 7853,AN 7853 Revising Intra-country Interchange Rates in Jordan,Mastercard is revising intra-country interchange rates to comply with Central Bank of Jordan mandates in Jordan.,"Acquirer, Issuer, Processor",Jordan,No,No,"Attention warranted (brand-related), Attention warranted (network-related)",NaN,"audience_internal, audience_principal_issuer, audience_principal_acquirer, audience_processor",AN 7853,https://techdocs.mastercard.com/bundle/m_an7853_en-us
775,--,Interchange and Service Fees,Bulletin announcement,2023-05-30 00:00:00,2023-06-06 00:00:00,"2023-05-29, 2023-05-30",AN 7853,AN 7853 Revising Intra-country Interchange Rates in Jordan,Mastercard is revising intra-country interchange rates to comply with Central Bank of Jordan mandates in Jordan.,"Acquirer, Issuer, Processor",Jordan,No,No,"Attention warranted (brand-related), Attention warranted (network-related)",NaN,"audience_internal, audience_principal_issuer, audience_principal_acquirer, audience_processor",AN 7853,https://techdocs.mastercard.com/bundle/m_an7853_en-us
776,--,Interchange and Service Fees,Bulletin announcement,2023-05-30 00:00:00,2023-06-06 00:00:00,"2023-05-29, 2023-05-30",AN 7853,AN 7853 Revising Intra-country Interchange Rates in Jordan,Mastercard is revising intra-country interchange rates to comply with Central Bank of Jordan mandates in Jordan.,"Acquirer, Issuer, Processor",Jordan,No,No,"Attention warranted (brand-related), Attention warranted (network-related)",NaN,"audience_internal, audience_principal_issuer, audience_principal_acquirer, audience_processor",AN 7853,https://techdocs.mastercard.com/bundle/m_an7853_en-us
777,--,Pricing/Fees,Bulletin Announcement,2023-05-30 00:00:00,2023-05-30 00:00:00,"2023-07-01, 2023-10-05, 2023-10-31",AN 7808,"AN 7808 Introducing New Network Distribution Reports and Services and Associated Pricing for New Zealand, American Samoa, Cook Islands, Maldives, and Sri Lanka","Mastercard is providing its customers in New Zealand, American Samoa, Cook Islands, Maldives, and Sri Lanka certain complimentary services and reports for a three-month period. For customers that do not elect to opt-out of receiving the service or report following the end of the complimentary three-month trial period, Mastercard will bill in accordance with the Billing and pricing information section.","Issuer, Processor","New Zealand, American Samoa, Cook Islands, Maldives, Sri Lanka",No,No,Financial impact,Mastercard Consolidated Billing System,"audience_internal, audience_principal_issuer, audience_processor",AN 7808,https://techdocs.mastercard.com/bundle/m_an7808_en-us
778,--,Pricing/Fees,Bulletin Announcement,2023-05-30 00:00:00,2023-05-30 00:00:00,"2023-07-01, 2023-10-05, 2023-10-31, 2023-12-05, 2023-12-31",AN 7804,AN 7804 Introducing New Network Distribution Reports and Services and Associated Pricing for Singapore,"Mastercard is providing its customers in New Zealand, American Samoa, Cook Islands, Maldives, and Sri Lanka certain complimentary services and reports for a three-month period. For customers that do not elect to opt-out of receiving the service or report following the end of the complimentary three-month trial period, Mastercard will bill in accordance with the Billing and pricing information section.","Acquirer, Issuer, Processor",Singapore,No,No,Financial impact,Mastercard Consolidated Billing System,"audience_internal, audience_principal_issuer, audience_principal_acquirer, audience_processor",AN 7804,https://techdocs.mastercard.com/bundle/m_an7804_en-us
779,--,Pricing/Fees,Bulletin Announcement,2023-05-30 00:00:00,2023-05-30 00:00:00,"2023-07-01, 2023-10-05, 2023-10-31",AN 7797,AN 7797 Introducing New Network Distribution Reports and Services and Associated Pricing for Bangladesh and Brunei,"Mastercard is providing its customers in Bangladesh and Brunei certain complimentary services and reports for a three-month period. For customers that do not elect to opt-out of receiving the service or report following the end of the complimentary three-month trial period, Mastercard will bill in accordance with the Billing and pricing information section.","Acquirer, Issuer, Processor","Bangladesh, Brunei",No,No,Financial impact,Mastercard Consolidated Billing System,"audience_internal, audience_principal_issuer, audience_principal_acquirer, audience_processor",AN 7797,https://techdocs.mastercard.com/bundle/m_an7797_en-us
780,--,Pricing/Fees,Bulletin Announcement,2023-05-30 00:00:00,2023-05-30 00:00:00,"2023-07-01, 2023-10-05, 2023-10-31, 2023-12-05, 2023-12-31",AN 7800,AN 7800 Introducing New Network Distribution Reports and Services and Associated Pricing for the Philippines,"Mastercard is providing its customers in Philippines certain complimentary services and reports for a three-month period. For customers that do not elect to opt-out of receiving the service or report following the end of the complimentary three-month trial period, Mastercard will bill in accordance with the Billing and pricing information section.","Acquirer, Issuer, Processor",Philippines,No,No,Financial impact,Mastercard Consolidated Billing System,"audience_internal, audience_principal_issuer, audience_principal_acquirer, audience_processor",AN 7800,https://techdocs.mastercard.com/bundle/m_an7800_en-us
781,--,Pricing/Fees,Bulletin Announcement,2023-05-30 00:00:00,2023-05-30 00:00:00,"2023-07-01, 2023-10-05, 2023-10-31, 2023-12-05, 2023-12-31",AN 7801,AN 7801 Introducing New Network Distribution Reports and Services and Associated Pricing for Malaysia,"Mastercard is providing its customers in Malaysia certain complimentary services and reports for a three-month period. For customers that do not elect to opt-out of receiving the service or report following the end of the complimentary three-month trial period, Mastercard will bill in accordance with the Billing and pricing information section.","Acquirer, Issuer, Processor",Malaysia,No,No,Financial impact,Mastercard Consolidated Billing System,"audience_internal, audience_principal_issuer, audience_principal_acquirer, audience_processor",AN 7801,https://techdocs.mastercard.com/bundle/m_an7801_en-us
782,--,Pricing/Fees,Bulletin Announcement,2023-05-30 00:00:00,2023-05-30 00:00:00,"2023-07-01, 2023-10-05, 2023-10-31, 2023-12-05, 2023-12-31",AN 7806,AN 7806 Introducing New Network Distribution Reports and Services and Associated Pricing for Vietnam,"Mastercard is providing its customers in Vietnam certain complimentary services and reports for a three-month period. For customers that do not elect to opt-out of receiving the service or report following the end of the complimentary three-month trial period, Mastercard will bill in accordance with the Billing and pricing information section.","Acquirer, Issuer, Processor",Vietnam,No,No,Financial impact,Mastercard Consolidated Billing System,"audience_internal, audience_principal_issuer, audience_principal_acquirer, audience_processor",AN 7806,https://techdocs.mastercard.com/bundle/m_an7806_en-us
783,--,Pricing/Fees,Bulletin Announcement,2023-05-30 00:00:00,2023-05-30 00:00:00,"2023-07-01, 2023-10-05, 2023-10-31, 2023-12-05, 2023-12-31",AN 7807,AN 7807 Introducing New Network Distribution Reports and Services and Associated Pricing for Thailand,"Mastercard is providing its customers in Thailand certain complimentary services and reports for a three-month period. For customers that do not elect to opt-out of receiving the service or report following the end of the complimentary three-month trial period, Mastercard will bill in accordance with the Billing and pricing information section.","Acquirer, Issuer, Processor",Thailand,No,No,Financial impact,Mastercard Consolidated Billing System,"audience_internal, audience_principal_issuer, audience_principal_acquirer, audience_processor",AN 7807,https://techdocs.mastercard.com/bundle/m_an7807_en-us
784,--,Pricing/Fees,Bulletin Announcement,2023-05-30 00:00:00,2023-05-30 00:00:00,"2023-07-01, 2023-10-05, 2023-10-31",AN 7809,AN 7809 Introducing New Network Distribution Reports and Services and Associated Pricing for Nepal,"Mastercard is providing its customers in Nepal certain complimentary services and reports for a three-month period. For customers that do not elect to opt-out of receiving the service or report following the end of the complimentary three-month trial period, Mastercard will bill in accordance with the Billing and pricing information section.","Acquirer, Issuer, Processor",Nepal,No,No,Financial impact,Mastercard Consolidated Billing System,"audience_internal, audience_principal_issuer, audience_principal_acquirer, audience_processor",AN 7809,https://techdocs.mastercard.com/bundle/m_an7809_en-us
785,--,Pricing/Fees,Bulletin Announcement,2023-05-30 00:00:00,2023-05-30 00:00:00,"2023-07-01, 2023-12-05, 2023-12-31",AN 7798,AN 7798 Introducing New Network Distribution Reports and Services and Associated Pricing for Taiwan,"Mastercard is providing its customers in Taiwan certain complimentary services and reports for a three-month period. For customers that do not elect to opt-out of receiving the service or report following the end of the complimentary three-month trial period, Mastercard will bill in accordance with the Billing and pricing information section.","Issuer, Processor",Taiwan,No,No,Financial impact,Mastercard Consolidated Billing System,"audience_internal, audience_principal_issuer, audience_processor",AN 7798,https://techdocs.mastercard.com/bundle/m_an7798_en-us
786,--,Pricing/Fees,Bulletin Announcement,2023-05-30 00:00:00,2023-05-30 00:00:00,"2023-07-01, 2023-12-05, 2023-12-31",AN 7803,AN 7803 Introducing New Network Distribution Reports and Services and Associated Pricing for Indonesia,"Mastercard is providing its customers in Indonesia certain complimentary services and reports for a three-month period. For customers that do not elect to opt-out of receiving the service or report following the end of the complimentary three-month trial period, Mastercard will bill in accordance with the Billing and pricing information section.","Issuer, Processor",Indonesia,No,No,Financial impact,Mastercard Consolidated Billing System,"audience_internal, audience_principal_issuer, audience_processor",AN 7803,https://techdocs.mastercard.com/bundle/m_an7803_en-us
787,--,Pricing/Fees,Bulletin Announcement,2023-05-30 00:00:00,2023-05-30 00:00:00,"2023-07-01, 2023-10-05, 2023-10-31, 2023-12-05, 2023-12-31",AN 7802,AN 7802 Introducing New Network Distribution Reports and Services and Associated Pricing for Hong Kong SAR,"Mastercard is providing its customers in Hong Kong SAR certain complimentary services and reports for a three-month period. For customers that do not elect to opt-out of receiving the service or report following the end of the complimentary three-month trial period, Mastercard will bill in accordance with the Billing and pricing information section.","Acquirer, Issuer, Processor",Hong Kong SAR,No,No,Financial impact,Mastercard Consolidated Billing System,"audience_internal, audience_principal_issuer, audience_principal_acquirer, audience_processor",AN 7802,https://techdocs.mastercard.com/bundle/m_an7802_en-us
788,--,Pricing/Fees,Bulletin Announcement,2023-05-30 00:00:00,2023-05-30 00:00:00,"2023-07-01, 2023-10-05, 2023-10-31",AN 7805,AN 7805 Introducing New Network Distribution Reports and Services and Associated Pricing for Macao SAR,"Mastercard is providing its customers in Macao SAR certain complimentary services and reports for a three-month period. For customers that do not elect to opt-out of receiving the service or report following the end of the complimentary three-month trial period, Mastercard will bill in accordance with the Billing and pricing information section.","Acquirer, Issuer, Processor",Macao SAR,No,No,Financial impact,Mastercard Consolidated Billing System,"audience_internal, audience_principal_acquirer, audience_principal_issuer, audience_processor",AN 7805,https://techdocs.mastercard.com/bundle/m_an7805_en-us
789,--,Pricing/Fees,Bulletin Announcement,2023-05-30 00:00:00,2023-05-30 00:00:00,"2023-07-01, 2023-10-05, 2023-10-31, 2023-12-05, 2023-12-31",AN 7799,AN 7799 Introducing New Network Distribution Reports and Services and Associated Pricing for India,"Mastercard is providing its customers in India certain complimentary services and reports for a three-month period. For customers that do not elect to opt-out of receiving the service or report following the end of the complimentary three-month trial period, Mastercard will bill in accordance with the Billing and pricing information section.","Acquirer, Issuer, Processor",India,No,No,Financial impact,Mastercard Consolidated Billing System,"audience_internal, audience_principal_issuer, audience_principal_acquirer, audience_processor",AN 7799,https://techdocs.mastercard.com/bundle/m_an7799_en-us
792,--,Pricing/Fees,Bulletin announcement,2023-05-30 00:00:00,2023-05-30 00:00:00,"2024-01-08, 2024-01-14",AN 7857,AN 7857 Revised Pricing for Negative Listing in Japan,Mastercard is revising the rate for negative listing service in Japan.,"Issuer, Processor",Japan,No,No,"Attention warranted (program/service-related), Financial impact","Account Management System, Mastercard Consolidated Billing System","audience_internal, audience_principal_issuer, audience_processor",AN 7857,https://techdocs.mastercard.com/bundle/m_an7857_en-us
795,--,Pricing/Fees,Bulletin Announcement,2022-08-23 00:00:00,2023-05-30 00:00:00,NaN,AN 6403,AN 6403 Revised Mastercard Stand-In Authorization Pricing in Brazil,Mastercard is revising pricing for Mastercard Stand-In Authorization for issuers in Brazil.,"Issuer, Processor",Brazil,Yes,No,Network Mandate,"Authorization, Settlement","audience_internal, audience_principal_issuer, audience_processor",AN 6403,https://techdocs.mastercard.com/bundle/m_AN6403
796,--,Pricing/Fees,Bulletin announcement,2023-05-30 00:00:00,2023-05-30 00:00:00,"2023-07-01, 2023-10-01, 2023-10-31",AN 7850,AN 7850 Availability of Enhanced Services & Support With Opt-Out Option for Issuers in Libya,"Mastercard is announcing the launch of Enhanced Services & Support (ES&S) on an opt-out basis for issuers in Libya, available 1 July 2023, with a free trial period of three months.","Issuer, Processor",Libya,No,No,Financial impact,"Authorization, Mastercard Consolidated Billing System","audience_internal, audience_principal_issuer, audience_processor",AN 7850,https://techdocs.mastercard.com/bundle/m_an7850_en-us
801,--,Pricing/Fees,Bulletin announcement,2023-06-06 00:00:00,2023-06-06 00:00:00,"2023-06-15, 2023-10-01, 2024-01-28",AN 7861,AN 7861 Introduction of Crypto Secure in Mexico,Mastercard is introducing Crypto Secure to help issuers mitigate risk from crypto transactions and secure the Mastercard network.,"Issuer, Processor",Mexico,No,No,Financial impact,"Authorization, Clearing, Mastercard Consolidated Billing System","audience_internal, audience_principal_issuer, audience_processor",AN 7861,https://techdocs.mastercard.com/bundle/m_an7861_en-us
804,--,Pricing/Fees,Bulletin Announcement,2023-06-06 00:00:00,2023-06-06 00:00:00,"2023-10-02, 2024-01-14",AN 7818,AN 7818 Revised Mastercard Acquirer Acceptance Development Fund Pricing in the Pacific Islands,Mastercard is revising the Acceptance Development Fund pricing in the Pacific Islands.,Acquirer,Applicable countries and territories,No,No,"Attention warranted (Program/service-related), Financial impact, Testing recommended",Mastercard Consolidated Billing System,"audience_internal, audience_principal_acquirer",AN 7818,https://techdocs.mastercard.com/bundle/m_an7818_en-us
805,--,Pricing/Fees,Bulletin Announcement,2023-06-06 00:00:00,2023-06-06 00:00:00,2023-09-04 00:00:00,AN 7838,AN 7838 Acquiring Cross Border Assessment Fee Update for Select Countries in the Middle East/Africa Region,Mastercard is updating the rates to its Cross-Border Volume Assessments for purchase transactions in local currency for acquirers in select countries in the Middle East/Africa region.,Acquirer,Select countries in the Middle East/Africa region,No,No,"Attention warranted (Brand -related), Attention warranted (Network-related)",Mastercard Consolidated Billing System,"audience_internal, audience_principal_acquirer",AN 7838,https://techdocs.mastercard.com/bundle/m_an7838_en-us
806,--,Pricing/Fees,Bulletin Announcement,2023-06-06 00:00:00,2023-06-06 00:00:00,"2023-06-06, 2023-08-30, 2023-10-15, 2024-01-29, 2024-02-04",AN 7793,AN 7793 Cross Border Fee Manager (CBFM) Plus for Brazil,Mastercard is launching CBFM Plus (Cross Border Fee Manager Plus) in the Latin America and the Caribbean region to provide greater financial risk mitigation capabilities to issuers through Mastercard's proprietary technology and expertise and facilitating a data-driven approach for our customers.,Issuer,Brazil,No,No,"Attention warranted (Brand-related), Financial impact","Authorization, Clearing, Mastercard Consolidated Billing System","audience_internal, audience_principal_issuer",AN 7793,https://techdocs.mastercard.com/bundle/m_an7793_en-us
807,--,Pricing/Fees,Bulletin Announcement,2023-06-06 00:00:00,2023-06-06 00:00:00,"2023-06-06, 2023-08-30, 2023-10-15, 2024-01-29, 2024-02-04",AN 7794,"AN 7794 Cross Border Fee Manager (CBFM) Plus for Customers in the Latin America and the Caribbean Region (except Brazil, Puerto Rico, and U.S. Virgin Islands)",Mastercard is launching CBFM Plus (Cross Border Fee Manager Plus) in the Latin America and the Caribbean region to provide greater financial risk mitigation capabilities to issuers through Mastercard's proprietary technology and expertise and facilitating a data-driven approach for our customers.,Issuer,"Latin America and the Caribbean (excluding Brazil, Puerto Rico, and U.S. Virgin Islands)",No,No,"Attention warranted (Brand-related), Financial impact","Authorization, Clearing, Mastercard Consolidated Billing System","audience_internal, audience_principal_issuer",AN 7794,https://techdocs.mastercard.com/bundle/m_an7794_en-us
810,--,Pricing/Fees,Bulletin Announcement,2023-06-06 00:00:00,2023-06-06 00:00:00,"2023-09-04, 2023-09-10",AN 7839,AN 7839 Acquiring Cross Border Assessment Fee Update for the United Arab Emirates,Mastercard is updating the acquiring rates to its Cross-Border Volume Assessments for purchase and ATM/Cash transactions in foreign currency along with Cross-Border Volume Assessments for purchase transactions in local currency in the United Arab Emirates (UAE).,Acquirer,United Arab Emirates,No,No,"Attention warranted (Brand-related), Attention warranted (Network-related)",NaN,"audience_internal, audience_principal_acquirer",AN 7839,https://techdocs.mastercard.com/bundle/m_an7839_en-us